player,yrs_in_school,school,conf,g,comp,att,pct,yds,yds_per_att,td,int,adj_yds_per_att,rate,rush_att,rush_yds,rush_avg,rush_td,major_conf,height,weight,BMI,success
A.J. Feeley,4,Oregon,Pac-10,22,149,282,0.528368794,2175,7.712765957,15,6,7.819148936,130.9219858,37,0,0,1,1,75,225,28.12276025,0
A.J. McCarron,4,Alabama,SEC,53,686,1026,0.668615984,9019,8.790448343,77,15,9.633528265,162.5434698,119,-50,-0.4,3,1,75,220,27.49781002,0
Aaron Brooks,4,Virginia,ACC,34,357,651,0.548387097,5118,7.861751152,33,24,7.216589862,130.2322581,199,547,2.7,14,1,76,220,26.77894414,0
Aaron Rodgers,2,California,Pac-10,25,424,665,0.637593985,5469,8.22406015,43,13,8.637593985,150.2700752,160,336,2.1,8,1,74,223,28.63118853,1
Akili Smith,2,Oregon,Pac-10,23,323,571,0.565674256,5148,9.015761821,45,15,9.409807356,153.0528897,171,367,2.1,6,1,75,220,27.49781002,0
Alex Smith,3,Utah,MWC,25,389,587,0.662691652,5203,8.863713799,47,8,9.851788756,164.4211244,286,1072,3.7,15,0,76,212,25.80516435,1
Alex Van Pelt,4,Pitt,Big East,45,845,1463,0.577580314,10913,7.459330144,64,59,6.519480519,126.7868763,107,-99,-0.9,6,1,73,220,29.02517946,0
Andrew Luck,3,Stanford,Pac-12,38,713,1064,0.670112782,9430,8.862781955,82,22,9.473684211,162.7556391,163,957,5.9,7,1,76,240,29.21339361,1
Andrew Walter,4,Arizona State,Pac-10,48,777,1416,0.548728814,10617,7.497881356,85,36,7.554378531,132.579661,175,-475,-2.7,0,1,78,230,26.57887433,0
Andy Dalton,4,Texas Christian,MWC,50,812,1317,0.616552771,10314,7.83143508,71,30,7.884586181,140.673956,413,1611,3.9,22,0,74,215,27.60406069,1
Anthony Wright,4,South Carolina,SEC,40,432,796,0.542713568,5641,7.086683417,38,22,6.797738693,124.0256281,258,197,0.8,7,1,73,211,27.83778576,0
Austin Davis,4,Southern Mississippi,CUSA,46,933,1527,0.611001965,10892,7.132940406,83,27,7.424361493,135.4176817,460,1375,3,25,0,74,221,28.37440657,0
Ben Roethlisberger,3,Miami (OH),MAC,38,854,1304,0.654907975,10829,8.304447853,84,34,8.419478528,151.2911043,269,246,0.9,7,0,77,240,28.45953137,1
Billy Joe Hobert,3,Washington,Pac-10,26,248,427,0.580796253,3028,7.091334895,27,13,6.985948478,132.424356,66,290,4.4,8,1,75,230,28.74771047,0
Billy Joe Tolliver,4,Texas Tech,SWC,45,493,1007,0.489572989,6756,6.709036743,38,40,5.676266137,109.8216485,143,-281,-2,6,0,73,217,28.62938156,0
Billy Volek,3,Fresno State,WAC,35,564,934,0.60385439,6385,6.836188437,57,12,7.478586724,135.379015,175,-178,-1.017142857,9,0,74,214,27.47566971,0
Blaine Gabbert,3,Missouri,Big 12,31,568,933,0.608788853,6822,7.311897106,40,18,7.301178992,132.5882101,221,458,2.1,8,1,77,235,27.86662446,0
Blake Bortles,3,UCF,American,37,585,891,0.656565657,7598,8.527497194,56,19,8.824915825,153.7634119,195,561,2.9,15,0,77,232,27.51088032,1
Bobby Hoying,4,Ohio State,Big Ten,45,498,858,0.58041958,7232,8.428904429,57,35,7.921911422,142.609324,168,-81,-0.5,4,1,75,221,27.62280006,0
Brad Johnson,4,Florida State,ACC,45,161,249,0.646586345,1746,7.012048193,14,9,6.510040161,134.8851406,35,54,1.542857143,2,1,77,226,26.79939204,1
Brady Quinn,4,Notre Dame,Ind,49,929,1602,0.579900125,11762,7.342072409,95,39,7.43258427,134.3637953,254,182,0.7,6,1,76,232,28.23961382,0
Brandon Weeden,4,Oklahoma State,Big 12,30,767,1103,0.695376247,9260,8.395285585,75,27,8.653671804,157.6010879,39,-150,-3.8,1,1,76,221,26.90066661,0
Brett Favre,4,Southern Mississippi,Ind,44,613,1169,0.524379812,7695,6.582549187,52,34,6.163387511,116.5936698,193,-89,-0.5,1,0,74,225,28.88797049,1
Brett Hundley,3,UCLA,Pac-12,40,837,1241,0.674456084,9966,8.030620467,75,25,8.332796132,150.8174053,479,1747,3.6,30,1,75,227,28.37274034,0
Brian Brohm,4,Louisville,Big East,44,780,1185,0.658227848,10775,9.092827004,71,24,9.379746835,157.9240506,172,44,0.3,9,1,75,227,28.37274034,0
Brian Griese,3,Michigan,Big Ten,33,307,516,0.59496124,3663,7.098837209,27,15,6.837209302,130.579845,85,-81,-1,4,1,75,215,26.87285979,1
Brian Hoyer,4,Michigan State,Big Ten,39,500,896,0.558035714,6159,6.873883929,35,23,6.5,121.3008929,105,-229,-2.2,2,1,75,215,26.87285979,0
Brian St. Pierre,4,Boston College,Big East,44,457,803,0.569115816,5837,7.268991283,48,32,6.671232877,129.7270237,172,419,2.4,2,1,75,230,28.74771047,0
Brock Berlin,4,Miami (FL),ACC,37,459,787,0.583227446,5752,7.308767471,45,25,7.022871665,132.2322745,80,-152,-1.9,0,1,73,215,28.36551629,0
Brock Huard,3,Washington,Pac-10,30,422,776,0.543814433,5742,7.399484536,51,27,7.148195876,131.2664948,114,-39,-0.3,3,1,76,232,28.23961382,0
Brock Osweiler,3,Arizona State,Pac-12,25,412,680,0.605882353,5082,7.473529412,33,15,7.451470588,134.9688235,137,221,1.6,4,1,79,240,27.0367828,0
Brodie Croyle,4,Alabama,SEC,39,488,869,0.561565017,6382,7.344073648,41,22,7.14844649,128.3530495,183,-177,-1,4,1,74,205,26.32015089,0
Brooks Bollinger,4,Wisconsin,Big Ten,46,414,771,0.536964981,5627,7.298313878,38,17,7.291828794,126.8570687,518,1767,3.4,26,1,73,205,27.04618995,0
Bruce Gradkowski,4,Toledo,MAC,49,766,1123,0.682101514,9225,8.21460374,85,27,8.646482636,157.3820125,248,1018,4.1,14,0,73,220,29.02517946,0
Bryce Petty,4,Baylor,Big 12,37,530,845,0.627218935,8195,9.698224852,62,10,10.63313609,166.0331361,192,338,1.8,21,1,75,230,28.74771047,0
Bubby Brister,2,Tulane,Ind,9,71,140,0.507142857,646,4.614285714,2,4,3.614285714,88.47428571,33,54,1.636363636,0,0,75,205,25.62295933,0
Byron Leftwich,5,Marshall,MAC,61,939,1442,0.651178918,11903,8.254507628,89,28,8.615117892,150.9398058,190,181,1,6,0,77,245,29.05243827,0
Cade McNown,4,UCLA,Pac-10,47,694,1250,0.5552,10708,8.5664,68,41,8.1784,138.86976,313,577,1.8,16,1,73,208,27.44198785,0
Caleb Hanie,4,Colorado State,MWC,37,495,811,0.610357583,6337,7.813810111,39,34,6.889025894,134.1563502,248,186,0.8,8,0,74,236,30.30027127,0
Cam Newton,3,Auburn,SEC,20,191,292,0.654109589,2908,9.95890411,30,7,10.93493151,178.1753425,285,1586,5.6,24,1,78,260,30.04568402,1
Carson Palmer,5,USC,Pac-10,53,927,1569,0.59082218,11818,7.532186106,72,49,7.044614404,131.2499681,255,-197,-0.8,9,1,77,230,27.27371756,1
Carson Wentz,4,North Dakota State,MVC,42,392,612,0.640522876,5115,8.357843137,45,14,8.799019608,153.9477124,216,1028,4.759259259,13,0,77,237,28.10378722,1
Case Keenum,5,Houston,CUSA,57,1546,2229,0.693584567,19217,8.621354868,155,46,9.083445491,160.5979363,300,897,3,23,0,74,209,26.83371481,1
Chad Henne,4,Michigan,Big Ten,47,828,1387,0.596971882,9715,7.004325883,87,37,7.058399423,133.8976208,180,-315,-1.8,3,1,75,228,28.49773038,0
Chad Hutchinson,2,Stanford,Pac-10,22,379,627,0.60446571,4235,6.754385965,20,22,5.813397129,120.692185,118,-451,-3.8,1,1,77,237,28.10378722,0
Chad Pennington,3,Marshall,MAC,38,848,1334,0.635682159,11446,8.580209895,107,30,9.172413793,157.6134933,168,61,0.4,4,0,75,225,28.12276025,1
Charlie Batch,4,Eastern Michigan,MAC,32,579,998,0.580160321,7592,7.607214429,53,31,7.271543086,133.2292585,181,123,0.7,5,0,74,220,28.24601559,0
Charlie Frye,4,Akron,MAC,46,913,1436,0.635793872,11049,7.694289694,64,32,7.582869081,138.462117,375,429,1.1,19,0,76,217,26.41377672,0
Charlie Whitehurst,4,Clemson,ACC,44,817,1368,0.597222222,9665,7.06505848,49,46,6.268274854,124.1637427,266,98,0.4,10,1,76,220,26.77894414,0
Chase Daniel,4,Missouri,Big 12,51,1094,1609,0.67992542,12515,7.778123058,101,41,7.886886265,148.9471722,364,970,2.7,10,1,72,218,29.56578768,0
Chris Chandler,4,Washington,Pac-10,29,326,597,0.546063652,4161,6.969849246,32,27,6.006700168,121.7963149,121,261,2.2,7,1,76,224,27.26583403,0
Chris Miller,4,Oregon,Pac-10,36,560,1015,0.551724138,6681,6.58226601,42,39,5.680788177,116.4338916,180,160,0.9,7,1,74,212,27.21888775,0
Chris Redman,4,Louisville,CUSA,43,1031,1679,0.614055986,12541,7.46932698,84,51,7.103037522,134.5827278,167,-412,-2.5,3,0,75,223,27.87278015,0
Chris Simms,4,Texas,Big 12,41,535,911,0.58726674,7097,7.790340285,58,31,7.532381998,138.3697036,159,-137,-0.9,10,1,76,220,26.77894414,0
Chris Weinke,4,Florida State,ACC,36,650,1107,0.587172538,9839,8.887985547,79,32,9.014453478,151.1450768,110,-366,-3.3,2,1,76,232,28.23961382,0
Christian Ponder,4,Florida State,ACC,35,596,965,0.61761658,6872,7.121243523,49,30,6.737823834,132.1189637,296,833,2.8,10,1,74,222,28.50279755,0
Cleo Lemon,4,Arkansas State,Big West,41,551,1128,0.488475177,7706,6.831560284,48,33,6.366134752,114.4241135,201,-445,-2.2,3,0,74,215,27.60406069,0
Clint Stoerner,4,Arkansas,SEC,41,528,1023,0.516129032,7422,7.255131965,57,37,6.741935484,123.7094819,177,-373,-2.1,5,1,74,210,26.96210579,0
Cody Kessler,4,USC,Pac-12,51,851,1261,0.674861221,10339,8.199048374,88,19,8.916732752,156.3739889,158,-425,-2.7,7,1,73,224,29.55291,0
Cody Pickett,5,Washington,Pac-10,38,792,1373,0.576839039,9916,7.222141296,53,42,6.617625637,124.9704297,249,-186,-0.7,11,1,75,220,27.49781002,0
Colin Kaepernick,4,Nevada,WAC,51,740,1271,0.582218725,10098,7.944925256,82,24,8.38552321,142.4730134,600,4112,6.9,59,0,76,225,27.38755651,1
Colt McCoy,4,Texas,Big 12,53,1157,1645,0.703343465,13253,8.056534954,112,45,8.187234043,155.0062006,447,1571,3.5,20,1,74,209,26.83371481,0
Connor Shaw,4,South Carolina,SEC,43,480,733,0.654843111,6074,8.286493861,56,16,8.832196453,155.9366985,452,1683,3.7,17,1,72,206,27.93831313,0
Craig Krenzel,4,Ohio State,Big Ten,33,328,577,0.568457539,4489,7.779896014,28,21,7.112651646,130.9317158,247,600,2.4,6,1,76,225,27.38755651,0
Curtis Painter,4,Purdue,Big Ten,46,987,1648,0.598907767,11163,6.773665049,67,46,6.330703883,124.623301,225,348,1.5,13,1,76,230,27.99616887,0
Dak Prescott,4,Mississippi State,SEC,49,734,1169,0.627887083,9376,8.020530368,70,23,8.332763045,145.9866553,536,2521,4.7,41,1,74,226,29.01636147,1
Damon Huard,4,Washington,Pac-10,37,458,764,0.59947644,5692,7.45026178,34,28,6.691099476,129.8858639,177,121,0.7,6,1,75,215,26.87285979,0
Dan Marino,4,Pitt,Ind,48,693,1204,0.575581395,8597,7.140365449,79,69,5.873754153,127.7282392,117,-277,-2.4,3,0,76,224,27.26583403,1
Dan Orlovsky,4,Connecticut,Big East,46,916,1567,0.584556477,10706,6.832163369,84,51,6.439693682,127.0264199,143,-285,-2,6,1,77,230,27.27371756,0
Danny Kanell,4,Florida State,ACC,45,529,851,0.621621622,6372,7.487661575,57,26,7.452408931,141.0514689,55,-196,-3.6,1,1,75,218,27.24782993,0
Danny Wuerffel,4,Florida,SEC,46,708,1170,0.605128205,10875,9.294871795,114,42,9.628205128,163.5641026,185,-375,-2,8,1,73,212,27.96971839,0
Daunte Culpepper,3,UCF,Ind,33,721,1097,0.657247037,9341,8.515041021,72,32,8.515041021,153.0760255,371,1003,2.7,19,0,76,264,32.13473297,1
Dave Brown,3,Duke,ACC,29,463,845,0.547928994,5717,6.765680473,42,33,6.002366864,120.2163314,147,53,0.4,7,1,77,230,27.27371756,0
Dave Ragone,4,Louisville,CUSA,41,685,1180,0.580508475,8564,7.257627119,74,29,7.405932203,134.7945763,326,597,1.8,9,0,75,245,30.62256116,0
David Carr,4,Fresno State,WAC,36,565,901,0.627081021,7458,8.277469478,65,22,8.621531632,151.1622642,177,95,0.5,9,0,75,215,26.87285979,0
David Garrard,4,East Carolina,CUSA,44,666,1169,0.569717707,9029,7.723695466,60,39,7.24893071,132.1159966,516,1209,2.3,21,0,73,244,32.19156268,1
Dennis Dixon,4,Oregon,Pac-10,40,444,695,0.638848921,5129,7.379856115,38,21,7.113669065,137.8756835,258,1208,4.7,12,1,75,195,24.37305888,0
Derek Anderson,4,Oregon State,Pac-10,49,768,1515,0.506930693,11249,7.425082508,79,57,6.774917492,122.7469307,182,-533,-2.9,8,1,78,229,26.463314,0
Derek Carr,4,Fresno State,MWC,44,1087,1630,0.666871166,12843,7.879141104,113,24,8.603067485,152.8044172,164,190,1.2,5,0,74,214,27.47566971,1
Donovan McNabb,4,Syracuse,Big East,45,548,938,0.584221748,8389,8.943496802,77,26,9.337953092,155.0933902,465,1561,3.4,19,1,74,240,30.81383519,1
Doug Flutie,4,Boston College,Ind,46,690,1308,0.527522936,10759,8.225535168,70,56,7.369266055,130.9446483,291,969,3.3,7,0,70,180,25.82702472,0
Doug Johnson,4,Florida,SEC,37,504,907,0.55567806,7114,7.843439912,62,36,7.424476295,136.0723264,100,-372,-3.7,3,1,74,225,28.88797049,0
Doug Pederson,3,Lousiana-Monroe,Ind,33,554,1003,0.552342971,6304,6.285144566,33,41,5.103688933,110.7114656,150,90,0.6,3,0,75,220,27.49781002,0
Drew Bledsoe,3,Washington State,Pac-10,30,532,979,0.543411645,7373,7.531154239,46,34,6.908069459,126.1626149,162,-173,-1.1,10,1,77,238,28.22236861,1
Drew Brees,4,Purdue,Big Ten,45,1026,1678,0.611442193,11792,7.027413588,90,45,6.893325387,132.5106079,253,900,3.6,14,1,72,209,28.34518177,1
Drew Henson,3,Michigan,Big Ten,24,196,351,0.558404558,2631,7.495726496,22,7,7.851851852,135.4997151,60,74,1.233333333,1.2,1,76,233,28.36133629,0
Drew Stanton,4,Michigan State,Big Ten,45,543,846,0.641843972,6524,7.711583924,42,28,7.215130024,138.7252955,332,1512,4.6,15,1,75,236,29.49765075,0
EJ Manuel,4,Florida State,ACC,43,600,897,0.668896321,7741,8.629877369,47,28,8.273132664,150.4285396,298,827,2.8,11,1,77,237,28.10378722,0
Eli Manning,4,Ole Miss,SEC,43,829,1363,0.608217168,10119,7.424064563,81,35,7.457079971,137.659281,128,-135,-1.1,5,1,76,218,26.53549919,1
Elvis Grbac,4,Michigan,Big Ten,48,522,835,0.625149701,6460,7.736526946,71,31,7.766467066,148.1365269,80,-239,-3,1,1,77,232,27.51088032,0
Eric Zeier,4,Georgia,SEC,44,838,1402,0.597717546,11153,7.955064194,67,37,7.723252496,137.0864479,158,-312,-2,4,1,73,214,28.23358366,0
Erik Kramer,2,North Carolina State,ACC,22,334,616,0.542207792,4602,7.470779221,30,28,6.399350649,123.9558442,164,-179,-1.1,6,1,73,200,26.38652678,0
Geno Smith,4,West Virginia,Big 12,44,988,1465,0.67440273,11662,7.960409556,98,21,8.653242321,153.5159044,245,342,1.4,4,1,75,218,27.24782993,0
Glenn Foley,4,Boston College,Big East,44,703,1275,0.551372549,10039,7.87372549,72,60,6.885490196,130.5000784,166,-320,-1.9,0,1,74,210,26.96210579,0
Greg McElroy,4,Alabama,SEC,35,436,658,0.662613982,5691,8.64893617,39,10,9.150455927,155.4322188,114,71,0.6,2,1,74,222,28.50279755,0
Gus Frerotte,4,Tulsa,Ind,42,432,860,0.502325581,5480,6.372093023,32,38,5.127906977,107.2,163,73,0.4,3,0,75,237,29.62264079,0
Henry Burris,4,Temple,Big East,43,558,1138,0.490333919,7495,6.586115993,49,45,5.667838313,110.6572935,172,-21,-0.1,8,1,72,195,26.44646146,0
J.P. Losman,4,Tulane,CUSA,38,570,987,0.577507599,6754,6.84295846,60,27,6.827760892,129.8212766,237,241,1,10,0,75,220,27.49781002,0
Jacoby Brissett,4,North Carolina State,ACC,39,499,839,0.594755662,5723,6.821215733,46,15,7.113230036,131.2910608,283,902,3.2,12,1,76,231,28.11789135,1
Jake Delhomme,4,Louisiana,Ind,44,655,1246,0.525682183,9216,7.3964687,64,57,6.365168539,122.4995185,230,-338,-1.5,6,0,74,215,27.60406069,1
Jake Locker,4,Washington,Pac-10,40,619,1147,0.539668701,7639,6.659982563,53,35,6.210985179,119.0563208,454,1939,4.3,29,1,74,228,29.27314343,0
Jake Plummer,4,Arizona State,Pac-10,42,613,1107,0.553748871,8626,7.792231256,64,34,7.566395664,133.7654923,289,-113,-0.4,5,1,74,212,27.21888775,0
JaMarcus Russell,3,LSU,SEC,36,493,797,0.618569636,6625,8.312421581,52,21,8.43161857,147.9422836,139,79,0.6,4,1,78,265,30.62348564,0
Jameis Winston,2,Florida State,ACC,27,562,851,0.66039953,7964,9.35840188,65,28,9.405405405,163.2756757,145,284,2,7,1,76,232,28.23961382,1
Jared Goff,3,California,Pac-12,37,977,1568,0.623086735,12195,7.777423469,96,30,8.140943878,144.0165816,170,-114,-0.7,1,1,76,210,25.56171941,1
Jarious Jackson,4,Notre Dame,Ind,36,306,536,0.570895522,4820,8.992537313,34,21,8.498134328,145.7238806,272,957,3.5,13,1,72,228,30.92201647,0
Jason Campbell,4,Auburn,SEC,48,552,854,0.646370023,7299,8.546838407,45,24,8.336065574,148.1985948,249,307,1.2,9,1,77,223,26.44364789,1
Jay Cutler,4,Vanderbilt,SEC,45,710,1242,0.571658615,8697,7.002415459,59,36,6.648148148,125.8653784,453,1256,2.8,17,1,75,225,28.12276025,1
Jeff Blake,4,East Carolina,Ind,36,360,667,0.539730135,5133,7.695652174,43,20,7.635682159,133.8938531,212,474,2.2,8,0,73,223,29.42097736,0
Jeff Garcia,3,San Jose State,Big West,31,504,887,0.568207441,6545,7.378804961,48,32,6.837655017,129.4453213,259,729,2.8,15,0,73,195,25.72686361,1
Jeff George,3,Illinois,Big Ten,34,576,979,0.588355465,6212,6.345250255,35,35,5.451481103,116.7832482,79,-582,-7.4,0,1,76,218,26.53549919,0
Jeff Tuel,4,Washington State,Pac-12,31,530,864,0.613425926,5932,6.865740741,33,25,6.327546296,125.8319444,261,52,0.2,2,1,75,218,27.24782993,0
Jesse Palmer,4,Florida,SEC,27,254,479,0.530271399,3755,7.839248434,31,17,7.536534447,133.1356994,67,-124,-1.9,6,1,74,225,28.88797049,0
Jim Harbaugh,4,Michigan,Big Ten,49,387,620,0.624193548,5449,8.788709677,31,22,8.191935484,145.6477419,217,296,1.4,12,1,75,215,26.87285979,0
Jim Miller,4,Michigan State,Big Ten,36,467,746,0.626005362,5037,6.752010724,17,29,5.45844504,119.0627346,129,-289,-2.2,0,1,74,226,29.01636147,0
Jimmy Clausen,3,Notre Dame,Ind,35,695,1110,0.626126126,8148,7.340540541,60,27,7.327027027,137.2461261,175,-355,-2,5,1,75,217,27.12283988,0
Jimmy Garoppolo,4,Eastern Illinois,OVC,48,1047,1668,0.627697842,13156,7.887290168,118,51,7.926258993,146.2532374,260,18,0.069230769,8,0,74,226,29.01636147,1
Joe Flacco,2,Delaware,CAA,26,595,938,0.634328358,7046,7.511727079,41,15,7.666311301,137.7573561,147,76,0.517006803,9,0,78,232,26.80999497,1
Joe Webb,4,UAB,CUSA,37,468,792,0.590909091,5771,7.286616162,37,25,6.800505051,129.4020202,516,2774,5.4,24,0,76,220,26.77894414,0
Joey Harrington,4,Oregon,Pac-10,34,512,928,0.551724138,6911,7.447198276,59,23,7.603448276,133.7525862,145,210,1.4,18,1,76,220,26.77894414,0
John Beck,4,Brigham Young,MWC,43,885,1418,0.624118477,11021,7.772214386,79,34,7.807475317,141.2880113,267,38,0.1,9,0,74,215,27.60406069,0
John Navarre,4,Michigan,Big Ten,46,744,1327,0.56066315,9014,6.792765637,70,30,6.830444612,126.0117558,144,-241,-1.7,2,1,78,250,28.89008079,0
John Skelton,4,Fordham,Patriot,45,802,1363,0.588407924,9923,7.280264123,69,36,7.104181952,131.4183419,295,563,1.908474576,14,0,77,244,28.93385689,0
Johnny Manziel,2,Texas A&M,SEC,26,595,863,0.689455388,7820,9.061413673,63,22,9.374275782,164.0533024,345,2169,6.3,30,1,72,207,28.07393601,0
Jonathan Quinn,3,Middle Tennessee State,OVC,32,346,675,0.512592593,4882,7.232592593,28,26,6.328888889,117.9982222,151,162,1.072847682,7,0,78,243,28.08115853,0
Josh Freeman,3,Kansas State,Big 12,35,680,1151,0.590790617,8078,7.018245004,44,34,6.453518679,124.7395308,214,343,1.6,20,1,78,240,27.73447756,0
Josh Johnson,4,San Diego,Pioneer,42,724,1178,0.614601019,9586,8.137521222,113,15,9.483022071,158.9239389,307,1869,6.087947883,19,0,75,198,24.74802902,0
Josh McCown,3,SMU,WAC,30,340,664,0.512048193,4022,6.057228916,27,34,4.56626506,105.263253,198,201,1,4,0,76,212,25.80516435,0
Kellen Clemens,4,Oregon,Pac-10,37,613,1005,0.609950249,7555,7.517412935,61,24,7.656716418,139.3950249,273,535,2,6,1,74,224,28.75957951,0
Kellen Moore,4,Boise State,MWC,53,1157,1658,0.697828709,14667,8.846200241,142,28,9.799155609,168.9763571,101,-133,-1.3,3,0,72,197,26.71770722,0
Kelly Holcomb,4,Middle Tennessee State,OVC,43,501,861,0.581881533,7064,8.204413473,36,25,7.734030197,135.095935,213,-66,-0.309859155,4,0,74,212,27.21888775,0
Ken Dorsey,4,Miami (FL),Big East,41,668,1153,0.579358196,9565,8.295750217,86,28,8.694709454,147.3772767,59,-79,-1.3,2,1,76,218,26.53549919,0
Kent Graham,4,Ohio State,Big Ten,46,126,228,0.552631579,1605,7.039473684,8,14,4.978070175,113.6929825,94,-30,-0.319148936,1,1,77,231,27.39229894,0
Kerry Collins,4,Penn State,Big Ten,45,370,657,0.563165906,5304,8.073059361,39,21,7.821917808,137.3266362,57,-4,-0.1,0,1,77,248,29.40818241,0
Kevin Hogan,4,Stanford,Pac-12,51,727,1103,0.659111514,9385,8.508612874,75,29,8.685403445,154.5639166,315,1249,4,15,1,75,217,27.12283988,0
Kevin Kolb,4,Houston,CUSA,50,964,1565,0.615974441,12964,8.28370607,85,31,8.478594249,145.1422364,472,751,1.6,21,0,75,218,27.24782993,0
Kirk Cousins,4,Michigan State,Big Ten,45,723,1128,0.640957447,9131,8.094858156,66,30,8.068262411,146.0819149,111,-127,-1.1,1,1,75,214,26.74786974,1
Kordell Stewart,4,Colorado,Big 8,33,456,785,0.58089172,6481,8.256050955,33,19,8.007643312,136.4718471,302,1289,4.3,15,0,73,218,28.76131419,0
Koy Detmer,4,Colorado,Big 12,29,350,594,0.589225589,5390,9.074074074,40,25,8.526936027,148.9494949,76,-31,-0.4,3,1,73,195,25.72686361,0
Kurt Kittner,4,Illinois,Big Ten,42,668,1229,0.543531326,8460,6.88364524,66,33,6.749389748,124.5272579,192,168,0.9,7,1,74,221,28.37440657,0
Kyle Boller,4,California,Pac-10,43,622,1301,0.478093774,7980,6.133743274,64,48,5.457340507,108.187548,275,-169,-0.6,6,1,75,220,27.49781002,0
Kyle Orton,4,Purdue,Big Ten,44,786,1336,0.588323353,9337,6.988772455,63,28,6.988772455,128.9077844,271,316,1.2,6,1,76,226,27.50927898,1
Landry Jones,4,Oklahoma,Big 12,53,1388,2183,0.635822263,16646,7.625286303,123,52,7.680256528,141.4642235,132,-375,-2.8,3,1,76,225,27.38755651,0
Luke McCown,4,Louisiana Tech,WAC,43,1063,1775,0.598873239,12666,7.135774648,87,62,6.544225352,129.0165634,274,65,0.2,10,0,75,208,25.99792947,0
Marc Bulger,4,West Virginia,Big East,38,630,1023,0.615835777,8153,7.96969697,59,34,7.627565982,140.914174,107,-326,-3,2,1,75,215,26.87285979,1
Marcus Mariota,3,Oregon,Pac-12,41,779,1167,0.667523565,10796,9.251071123,105,14,10.51071123,171.7535561,337,2237,6.6,29,1,76,215,26.17033177,1
Mark Brunell,4,Washington,Pac-10,33,259,498,0.520080321,3423,6.873493976,23,16,6.351405622,118.5606426,190,678,3.6,19,1,73,217,28.62938156,1
Mark Rypien,4,Washington State,Pac-10,30,326,613,0.531810767,4573,7.460032626,28,29,6.244698206,121.4570962,195,528,2.7,10,1,76,231,28.11789135,0
Mark Sanchez,3,USC,Pac-10,27,313,487,0.642710472,3965,8.141683778,41,16,8.347022587,153.8726899,70,33,0.5,4,1,74,225,28.88797049,0
Marques Tuiasosopo,4,Washington,Pac-10,42,418,761,0.549277267,5501,7.228646518,31,28,6.387647832,121.7324573,346,1374,4,20,1,73,220,29.02517946,0
Matt Barkley,4,USC,Pac-12,47,1001,1562,0.64084507,12327,7.891805378,116,48,7.994238156,148.7367478,132,-113,-0.9,6,1,75,227,28.37274034,0
Matt Cassel,4,USC,Pac-10,34,20,33,0.606060606,192,5.818181818,0,1,4.454545455,103.4181818,11,32,2.909090909,0,1,77,230,27.27371756,0
Matt Flynn,4,LSU,SEC,41,245,437,0.560640732,3096,7.084668192,31,13,7.164759725,133.0352403,128,340,2.7,5,1,74,228,29.27314343,0
Matt Hasselbeck,4,Boston College,Big East,37,390,701,0.556348074,4548,6.487874465,22,26,5.446504993,113.071612,173,-188,-1.1,4,1,76,223,27.14411156,1
Matt Leinart,3,USC,Pac-10,39,807,1245,0.648192771,10693,8.58875502,99,23,9.347791165,159.511004,132,-70,-0.5,9,1,77,225,26.68081066,0
Matt Lytle,4,Pitt,Big East,27,306,604,0.506622517,3738,6.188741722,26,24,5.261589404,108.9059603,193,161,0.8,4,1,76,225,27.38755651,0
Matt Mauck,3,LSU,SEC,23,310,529,0.586011342,3831,7.241965974,37,18,7.109640832,135.7096408,149,345,2.3,5,1,73,213,28.10165102,0
Matt McGloin,4,Penn State,Big Ten,35,513,894,0.573825503,6390,7.147651007,46,19,7.220357942,130.1521253,96,-57,-0.6,7,1,73,203,26.78232468,0
Matt Moore,4,Oregon State,Pac-10,37,525,898,0.584632517,6700,7.461024499,33,32,6.592427617,126.1358575,166,-226,-1.4,8,1,75,192,23.99808874,0
Matt Ryan,4,Boston College,ACC,43,807,1347,0.599109131,9313,6.913882702,56,37,6.509279881,126.2132146,168,58,0.3,11,1,76,217,26.41377672,1
Matt Schaub,4,Virginia,ACC,40,716,1069,0.669784846,7502,7.01777362,56,26,6.971000935,138.350608,132,58,0.4,5,1,77,235,27.86662446,1
Matthew Stafford,3,Georgia,SEC,39,564,987,0.571428571,7731,7.832826748,51,33,7.361702128,133.3033435,141,213,1.5,6,1,74,230,29.52992539,1
Max Hall,3,Brigham Young,MWC,39,903,1382,0.653400868,11365,8.223589001,94,40,8.281476122,151.0752533,189,204,1.1,7,0,73,201,26.51845942,0
Michael Vick,2,Virginia Tech,Big East,22,192,343,0.559766764,3299,9.618075802,21,11,9.39941691,150.5586006,235,1299,5.5,17,1,72,215,29.15891904,0
Mike Glennon,4,North Carolina State,ACC,36,646,1069,0.604303087,7411,6.932647334,63,31,6.806361085,132.3128157,111,-280,-2.5,3,1,79,225,25.34698388,0
Mike McMahon,4,Rutgers,Big East,35,482,974,0.49486653,6608,6.784394251,41,52,5.223819302,109.689117,214,185,0.9,8,1,74,215,27.60406069,0
Mike Tomczak,4,Ohio State,Big Ten,48,376,675,0.557037037,5569,8.25037037,32,36,6.798518519,129.9845926,183,446,2.4,10,1,73,202,26.65039205,0
Moses Moreno,4,Colorado State,WAC,37,457,787,0.58068615,6689,8.499364676,49,28,8.143583227,142.894028,169,-246,-1.5,4,0,73,205,27.04618995,0
Neil O'Donnell,3,Maryland,ACC,27,387,658,0.588145897,4989,7.582066869,26,21,6.936170213,129.1604863,196,71,0.4,3,1,75,228,28.49773038,1
Nick Foles,4,Arizona,Pac-12,36,938,1404,0.668091168,10068,7.170940171,67,33,7.067663818,138.0920228,106,-290,-2.7,4,1,77,244,28.93385689,1
Patrick Ramsey,4,Tulane,CUSA,35,798,1355,0.588929889,9205,6.793357934,72,51,6.162361624,125.9645756,152,-128,-0.8,4,0,74,225,28.88797049,0
Paul Justin,4,Arizona State,Pac-10,37,418,753,0.555112882,5761,7.650730412,34,26,7,127.7721116,93,-292,-3.1,3,1,76,211,25.68344188,0
Paxton Lynch,3,Memphis,American,38,758,1205,0.629045643,8863,7.355186722,59,23,7.475518672,137.0283817,288,687,2.4,17,0,79,244,27.48739585,0
Peyton Manning,4,Tennessee,SEC,45,863,1381,0.624909486,11201,8.110789283,89,33,8.324402607,147.1096307,153,-181,-1.2,12,1,77,230,27.27371756,1
Philip Rivers,4,North Carolina State,ACC,49,1087,1710,0.635672515,13484,7.885380117,95,34,8.101754386,144.1611696,252,96,0.4,17,1,77,228,27.0365548,1
Quincy Carter,3,Georgia,SEC,29,483,853,0.566236811,6447,7.558030481,35,25,7.05978898,127.7899179,251,606,2.4,11,1,74,213,27.34727873,0
Randall Cunningham,3,UNLV,PCAA,35,614,1057,0.580889309,8290,7.84295175,61,30,7.719962157,137.3377483,305,223,0.7,9,0,76,212,25.80516435,1
Randy Fasani,4,Stanford,Pac-10,46,188,369,0.509485095,2973,8.056910569,25,11,8.070460705,135.0222222,127,317,2.496062992,6,1,75,234,29.24767066,0
Ray Lucas,4,Rutgers,Big East,42,514,908,0.566079295,5896,6.49339207,43,30,5.953744493,120.1722467,259,747,2.9,15,1,75,214,26.74786974,0
Rex Grossman,3,Florida,SEC,35,677,1110,0.60990991,9164,8.255855856,77,36,8.183783784,146.7455856,119,-133,-1.1,6,1,73,222,29.28904473,0
Rick Mirer,4,Notre Dame,Ind,46,377,698,0.540114613,5997,8.591690544,41,23,8.283667622,138.9753582,253,694,2.7,17,1,75,210,26.24790956,0
Rob Johnson,4,USC,Pac-10,47,676,1046,0.646271511,8472,8.099426386,58,28,8.003824092,145.6068834,259,-576,-2.2,4,1,76,204,24.83138457,0
Robert Griffin,4,Baylor,Big 12,41,800,1192,0.67114094,10366,8.696308725,78,17,9.363255034,158.904698,528,2254,4.3,33,1,74,220,28.24601559,1
Rodney Peete,4,USC,Pac-10,48,630,1081,0.58279371,8225,7.608695652,54,42,6.859389454,130.906568,290,415,1.4,12,1,72,230,31.19326223,0
Russell Wilson,4,Wisconsin,Big Ten,50,907,1489,0.609133647,11720,7.871054399,109,30,8.428475487,147.157824,441,1421,3.2,23,1,71,203,28.31243964,1
Rusty Smith,4,Florida Atlantic,Sun Belt,45,768,1361,0.564290963,10112,7.429831007,76,36,7.356355621,131.9770757,115,-335,-2.9,5,0,77,212,25.13925271,0
Ryan Fitzpatrick,2,Harvard,Ivy,17,265,454,0.583700441,3756,8.273127753,29,14,8.162995595,142.7762115,227,878,3.86784141,11,0,74,221,28.37440657,0
Ryan Leaf,3,Washington State,Pac-10,32,473,880,0.5375,7433,8.446590909,59,24,8.560227273,141.3718182,173,-171,-1,14,1,77,245,29.05243827,0
Ryan Lindley,4,San Diego State,MWC,49,961,1732,0.554849885,12690,7.326789838,90,47,7.144919169,128.7505774,90,-275,-3.1,2,0,75,229,28.62272043,0
Ryan Mallett,3,Arkansas,SEC,37,552,955,0.578010471,8385,8.780104712,69,24,9.094240838,150.3706806,135,-141,-1,7,1,78,240,27.73447756,0
Ryan Tannehill,2,Texas A&M,Big 12,26,484,774,0.625322997,5450,7.041343669,42,21,6.905684755,134.1602067,115,369,3.208695652,5,1,76,220,26.77894414,1
Sage Rosenfels,4,Iowa State,Big 12,30,306,587,0.521294719,4164,7.093696763,18,26,5.713798978,112.9771721,164,660,4,14,1,76,222,27.02238909,0
Sam Bradford,3,Oklahoma,Big 12,31,604,893,0.676371781,8403,9.409854423,88,16,10.57446809,175.6161254,77,36,0.5,5,1,76,236,28.72650371,1
Scott Covington,4,Miami (FL),Big East,35,281,497,0.565392354,3862,7.770623742,26,15,7.458752515,133.039839,80,-245,-3.1,2,1,74,217,27.86084265,0
Scott Mitchell,3,Utah,WAC,35,669,1165,0.574248927,8981,7.709012876,69,38,7.425751073,135.2020601,141,-145,-1,3,0,78,240,27.73447756,0
Scott Tolzien,3,Wisconsin,Big Ten,29,410,602,0.681063123,5271,8.755813953,32,18,8.473421927,153.2166113,88,-9,-0.1,3,1,75,205,25.62295933,0
Scott Zolak,3,Maryland,ACC,23,270,509,0.530451866,3124,6.137524558,12,23,4.575638507,103.3430255,79,-249,-3.2,1,1,77,230,27.27371756,0
Sean Mannion,4,Oregon State,Pac-12,47,1187,1838,0.645810664,13600,7.399347116,83,54,6.980413493,135.7616975,132,-804,-6.1,2,1,78,229,26.463314,0
Seneca Wallace,2,Iowa State,Big 12,25,411,712,0.577247191,5289,7.428370787,26,27,6.452247191,124.5893258,237,912,3.8,15,1,71,196,27.33614862,0
Shane Matthews,3,Florida,SEC,34,722,1202,0.600665557,9287,7.726289517,74,46,7.235440932,137.6296173,195,-46,-0.2,7,1,75,196,24.49804892,0
Shaun Hill,2,Maryland,ACC,17,270,455,0.593406593,3158,6.940659341,19,13,6.49010989,125.7081319,160,401,2.5,8,1,77,210,24.90208995,0
Shaun King,4,Tulane,CUSA,42,669,1201,0.557035803,8695,7.239800167,72,34,7.164862614,130.6394671,369,1158,3.1,20,0,73,215,28.36551629,0
Stephen McGee,4,Texas A&M,Big 12,40,485,815,0.595092025,5475,6.717791411,28,13,6.687116564,124.0858896,387,1750,4.5,11,1,74,223,28.63118853,0
Steve Beuerlein,4,Notre Dame,Ind,42,473,850,0.556470588,6527,7.678823529,27,44,5.984705882,120.2785882,177,-68,-0.4,2,1,75,220,27.49781002,0
Steve Bono,3,UCLA,Pac-10,35,155,283,0.54770318,1875,6.625441696,10,11,5.583038869,114.3109541,95,78,0.8,3,1,76,215,26.17033177,0
Steve McNair,4,Alcorn State,SWAC,44,927,1680,0.551785714,14496,8.628571429,119,58,8.491666667,144.1288095,375,2237,5.965333333,33,0,74,235,30.17188029,1
Steve Stenstrom,4,Stanford,Pac-10,44,849,1352,0.62795858,10701,7.914940828,72,37,7.74852071,141.3819527,225,-718,-3.2,3,1,74,206,26.44854187,0
Steve Walsh,3,Miami (FL),Ind,33,410,690,0.594202899,5369,7.78115942,48,19,7.933333333,142.2313043,48,-41,-0.9,1,0,75,207,25.87293943,0
Steve Young,3,Brigham Young,WAC,34,592,908,0.651982379,7733,8.516519824,56,33,8.114537445,149.8207048,269,1084,4,18,0,74,215,27.60406069,1
Stoney Case,4,New Mexico,WAC,42,677,1237,0.547291835,9460,7.647534357,67,39,7.312045271,130.5367825,436,1191,2.7,31,0,75,204,25.49796929,0
T.J. Yates,4,North Carolina,ACC,45,795,1277,0.622552858,9377,7.342991386,58,46,6.630383712,131.7202819,220,-333,-1.5,7,1,74,210,26.96210579,0
Tarvaris Jackson,4,Alabama State,SWAC,44,550,1022,0.53816047,7964,7.792563601,68,29,7.846379648,135.5553816,275,1029,3.741818182,11,0,74,226,29.01636147,0
Teddy Bridgewater,3,Louisville,American,39,781,1142,0.683887916,9817,8.596322242,72,24,8.911558669,157.2003503,226,170,0.8,6,0,74,214,27.47566971,1
Terrelle Pryor,3,Ohio State,Big Ten,39,477,783,0.609195402,6177,7.888888889,57,26,7.850574713,144.5680715,436,2164,5,17,1,78,240,27.73447756,0
Thaddeus Lewis,4,Duke,ACC,47,877,1510,0.580794702,10065,6.665562914,67,40,6.360927152,123.4145695,350,-78,-0.2,9,1,72,200,27.12457585,0
Tim Couch,3,Kentucky,SEC,29,795,1184,0.671452703,8435,7.124155405,74,35,7.043918919,141.7010135,154,-275,-1.8,4,1,76,220,26.77894414,0
Tim Hasselbeck,3,Boston College,Big East,27,278,501,0.55489022,3890,7.764471058,29,16,7.48502994,133.4251497,135,343,2.5,4,1,73,211,27.83778576,0
Tim Rattay,3,Louisiana Tech,Ind,33,1015,1552,0.653994845,12746,8.212628866,115,35,8.679768041,154.3275773,153,-103,-0.7,2,0,72,200,27.12457585,0
Tim Tebow,4,Florida,SEC,55,661,995,0.664321608,9285,9.331658291,88,16,10.37688442,170.7879397,692,2947,4.3,57,1,74,236,30.30027127,0
Todd Collins,4,Michigan,Big Ten,48,457,711,0.642756681,5858,8.239099859,37,20,8.014064698,145.0312236,101,-156,-1.5,1,1,76,225,27.38755651,0
Tom Brady,4,Michigan,Big Ten,29,395,638,0.619122257,4773,7.481191223,30,17,7.222570533,134.9423197,90,-150,-1.7,3,1,76,225,27.38755651,1
Tom Savage,3,Pitt,ACC,31,430,757,0.568031704,5690,7.51651255,37,19,7.364597094,131.0515192,167,-319,-1.9,4,1,76,228,27.75272393,0
Tommy Maddox,2,UCLA,Pac-10,23,391,670,0.58358209,5363,8.004477612,33,30,6.974626866,132.8943284,167,119,0.7,4,1,76,220,26.77894414,0
Tony Banks,2,Michigan State,Big Ten,20,301,496,0.606854839,4129,8.324596774,20,21,7.225806452,135.4508065,139,-24,-0.2,3,1,76,230,27.99616887,0
Tony Graziani,3,Oregon,Pac-10,24,360,666,0.540540541,4482,6.72972973,24,18,6.234234234,117.0702703,126,335,2.7,5,1,74,210,26.96210579,0
Tony Romo,4,Eastern Illinois,OVC,45,584,941,0.620616366,8212,8.726886291,85,36,8.811902232,157.5247609,59,-153,-2.593220339,2,0,74,219,28.11762461,1
Trent Dilfer,3,Fresno State,WAC,34,511,865,0.590751445,7631,8.821965318,53,22,8.902890173,148.3126012,151,154,1,8,0,76,225,27.38755651,0
Trent Edwards,4,Stanford,Pac-10,35,487,865,0.56300578,5429,6.276300578,36,33,5.391907514,115.1255491,226,199,0.9,2,1,76,231,28.11789135,0
Trent Green,4,Indiana,Big Ten,45,421,755,0.557615894,5400,7.152317881,23,31,5.913907285,117.6821192,305,516,1.7,20,1,75,217,27.12283988,1
Trevor Siemian,4,Northwestern,Big Ten,44,550,934,0.588865096,5931,6.350107066,27,24,5.771948608,116.6278373,142,-23,-0.2,6,1,75,215,26.87285979,0
Troy Aikman,4,UCLA,Pac-10,48,439,694,0.632564841,5781,8.329971182,45,18,8.459654179,149.4386167,218,107,0.5,3,1,76,219,26.65722167,1
Troy Smith,4,Ohio State,Big Ten,43,420,670,0.626865672,5720,8.537313433,54,13,9.276119403,157.1164179,293,1168,4,14,1,72,225,30.51514784,0
Ty Detmer,4,Brigham Young,WAC,48,958,1530,0.626143791,15031,9.824183007,121,65,9.494117647,162.7388235,265,-366,-1.4,14,0,72,189,25.63272418,0
Tyler Palko,4,Pitt,Big East,41,645,1075,0.6,8343,7.760930233,66,25,7.942325581,140.8011163,275,86,0.3,12,1,73,215,28.36551629,0
Tyler Thigpen,4,Coastal Carolina,Big South,41,486,879,0.552901024,6598,7.50625711,53,25,7.432309443,132.5519909,346,1626,4.699421965,13,0,75,235,29.3726607,0
Tyrod Taylor,4,Virginia Tech,ACC,50,495,865,0.572254335,7017,8.112138728,44,20,8.089017341,137.5292486,501,2196,4.4,23,1,72,221,29.97265632,1
Vince Young,3,Texas,Big 12,37,444,718,0.618384401,6040,8.412256267,44,28,7.883008357,144.9247911,457,3127,6.8,37,1,77,230,27.27371756,0
Vinny Testaverde,4,Miami (FL),Ind,45,413,674,0.612759644,6058,8.988130564,48,25,8.743323442,152.8593472,125,-320,-2.6,8,0,77,235,27.86662446,0
Warren Moon,3,Washington,Pac-8,30,242,496,0.487903226,3277,6.606854839,19,17,5.830645161,110.0741935,239,429,1.794979079,9,1,75,218,27.24782993,1
Zach Mettenberger,3,LSU,SEC,30,407,659,0.617602428,5783,8.775417299,35,15,8.813353566,148.4479514,83,-313,-3.8,0,1,77,224,26.56222928,0
